Company,Website,Location,Phone,Email,State,Verified
Resident Real Estate,residentaz.com,"3200 E Camelback Rd #130, Phoenix, AZ 85018",Schedule via Calendly,Via website,Arizona,Yes
AZ Real Estate & Property Management,azreapm.com,"3839 N. 3rd Street Ste. #305, Phoenix, AZ 85012",(602) 712-9500,Via website,Arizona,Yes
Maisonre,maisonrealestate.com,"3305 Division Street, Los Angeles, CA 90065",Via website,contact@maisonrealestate.com,California,Yes
Acquire Homes,acquirehomes.com,"6189 Lehman Dr #200, Colorado Springs, CO 80918",(719) 884-6000,info@acquirehomes.com,Colorado,Yes
8z Real Estate,8z.com,Multiple locations across Colorado,(303) 543-3083,Via website,Colorado,Yes
Florida Brokers Real Estate,florida-brokers.com,"3595 Sheridan Street, Suite #200, Hollywood, FL 33021",(954) 338-8919,info@florida-brokers.com,Florida,Yes
KM Realty Group LLC,kmrealtygroup.net,"111 N Wabash Ave #1734, Chicago, IL 60602",(312) 283-0794,info@kmrealtygroup.net,Illinois,Yes
All In One Real Estate Company,allinonerealestateco.com,"603 N. Commercial St, Harrisburg, IL 62946",618-294-8472,ayn@allinonerealestateco.com,Illinois,Yes
Maywright Property Co.,maywright.com,"2509 N Delaware St., Indianapolis, IN 46205",(317) 210-0624,hello@maywright.com,Indiana,Yes
O'Connor Real Estate,oconnordetroit.com,"2122 Michigan Avenue, Detroit, MI 48216",(313) 963-9891,info@oconnordetroit.com,Michigan,Yes
Northeast Real Estate Group,northeastreg.com,"1400 Van Buren St NE #200-205, Minneapolis, MN 55413",(763) 464-4371,jim@northeastreg.com,Minnesota,Yes
West + Main Homes Minnesota,westandmain.com/minnesota,"Twin Cities, MN",303-921-2444,allie@westandmainmn.com,Minnesota,Yes
National Real Estate,nationalrealestatelv.com,"3230 East Charleston Blvd Ste. 117, Las Vegas, NV 89101",702.338.5472,brian@nationalrealestate.com,Nevada,Yes
Ridgeco Properties,ridgecoproperties.com,"613 Bergen Blvd, Ridgefield, NJ 07650",(201) 568-4450,Via website,New Jersey,Yes
NJ Real Estate Boutique,njrealestateboutique.com,"391 Springfield Ave, Unit 1G, Berkeley Heights, NJ 07922",(973) 866-5125,Admin@NJREBllc.com,New Jersey,Yes
Olympus Realty,olympusliving.com,"194 Fairmount Ave, Jersey City, NJ 07306",(646) 698-8002,hello@olympusliving.com,New Jersey,Yes
Trompeter Real Estate,trompeterrealestate.com,"355 Varick Street, Jersey City, NJ 07302",(201) 431-7677,Via website,New Jersey,Yes
A Cole Realty,acolerealty.com,"3210 Fairhill Dr Suite 150, Raleigh, NC 27612",(919) 578-3128,angie@acolerealty.com,North Carolina,Yes
The Robert Weiler Company,rweiler.com,"10 N High St., Suite 401, Columbus, OH 43215",614-221-4286,info@rweiler.com,Ohio,Yes
Lim Realty Group,limrealtygroup.com,"Columbus, Ohio",(614) 456-7365,info@limrealtygroup.com,Ohio,Yes
Town & Country Realty,tncrealty.com,"455 NW Tyler Ave, Corvallis, OR 97330",541.757.1781,info@tncrealty.com,Oregon,Yes
Urban Nest Realty,urbannestpdx.com,"6336 NE Sandy Blvd, Portland, OR 97213",503.432.8126,office@urbannestpdx.com,Oregon,Yes
Eugene's Alternative Realtors,eugenesalternative.com,"Downtown Eugene, OR",(541) 302-5999,info@EugenesAlternative.com,Oregon,Yes
Classic Properties,classicproperties.com,"324 S State St, Clarks Summit, PA 18411",(570) 587-7000,info@classicproperties.com,Pennsylvania,Yes
Realty Network Group,realtynetwork.net,Northeastern Pennsylvania,570-585-6880,info@realtynetwork.net,Pennsylvania,Yes
Lowcountry Real Estate,lowcountryrealestate.com,"820 Bay Street, Beaufort, SC 29902",(843) 521-4200,info@lowcountryrealestate.com,South Carolina,Yes
The Downing Group,thedowninggroup.com,"3790 Fernandina Rd Suite 300, Columbia, SC 29210",803-381-8950,Via website,South Carolina,Yes
Smith Spencer Real Estate,smithspencer.com,"701 E Bay St, Suite 513, Charleston, SC 29403",843-609-3979,info@smithspencer.com,South Carolina,Yes
Fridrich & Clark Realty,fridrichandclark.com,"3825 Bedford Ave #102, Nashville, TN 37215",(615) 327-4800,Via website,Tennessee,Yes
Wallace Real Estate,wallacetn.com,"140 Major Reynolds Place, Knoxville, TN 37919",(865) 584-4000,Via website,Tennessee,Yes
Texas Real Estate Firm,texasrealestatefirm.net,"10223 McAllister Freeway #105, San Antonio, TX 78216",(210) 810-3833,chrisdamm@hotmail.com,Texas,Yes
Sky Realty,skyrealtyco.com,"364 W 2230 N, Suite 104, Provo, UT 84604",801.704.3445,info@skyrealtyco.com,Utah,Yes
Tartan Properties,tartanproperties.com,"1020 Wythe Street, Alexandria, VA 22314",703.836.6555,info@tartanproperties.com,Virginia,Yes
